Site,Age BP,Error
Actun Halal,1720,50
Actun Halal,2410,60
Actun Halal,2490,50
Actun Halal,2695,20
Actun Halal,2890,25
Actun Halal,3080,50
Actun Halal,3220,25
Actun Halal,3380,20
Actun Halal,3425,20
Actun Halal,3580,50
Actun Halal,3715,25
Actun Halal,3800,50
Actun Halal,5265,25
Actun Halal,5380,50
Actun Tunichil Muknal,1196.2677678343714,22.248137117852675
Actun Uayazba Kab,1200,15
Actun Uayazba Kab,1250.0875891147139,14.154537688336964
Actun Uayazba Kab,1915,15
Actun Uayazba Kab,2010,15
Actun Uayazba Kab,2055,15
Actun Uayazba Kab,2065,15
Actun Uayazba Kab,2075,15
Actuncan,1175,60
Actuncan,1870,15
Actuncan,2060,25
Actuncan,2105,20
Actuncan,2120,20
Actuncan,2200,20
Actuncan,2210,20
Actuncan,2235,20
Actuncan,2405,20
Actuncan,2835,20
Actuncan,2895,15
Actuncan,2985,15
Aguacatal,1212,170
Aguacatal,1645,140
Aguacatal,1695,200
Aguateca,1190,35
Aguateca,1275,60
Aguateca,1275,40
Aguateca,1300,35
Aguateca,1330,35
Aguateca,2120,60
Altar de Sacrificios,1275,115
Altar de Sacrificios,1690,155
Altar de Sacrificios,1845,110
Altar de Sacrificios,1965,225
Altar de Sacrificios,2195,164
Altar de Sacrificios,2245,125
Altar de Sacrificios,2450,120
Altar de Sacrificios,2695,185
Altar de Sacrificios,2725,80
Altar de Sacrificios,2830,130
Altun Ha,1544,62
Aventura,680,80
Baking Pot,565,20
Baking Pot,650,20
Baking Pot,650,20
Baking Pot,1305,25
Baking Pot,1315,20
Baking Pot,1325,20
Baking Pot,1330,20
Baking Pot,1335,25
Baking Pot,1510,20
Baking Pot,1805,25
Baking Pot,1945,20
Baking Pot,2290,20
Balankanche,1030.637978905934,41.301706513165286
Balankanche,1073.1778476437644,49.36037515340942
Barton Ramie,3200,110
Barton Ramie,3414,131
Barton Ramie,4016,118
Barton Ramie,4155,153
Becan,1230,95
Becan,1280,95
Becan,1295,95
Becan,1345,95
Becan,1830,95
Blackman Eddy,2240.034447224425,23.182250927549035
Blackman Eddy,2340,60
Blackman Eddy,2380,40
Blackman Eddy,2400,40
Blackman Eddy,2420,40
Blackman Eddy,2430,40
Blackman Eddy,2450,40
Blackman Eddy,2460,40
Blackman Eddy,2475.4525626106392,38.40661022802029
Blackman Eddy,2480,50
Blackman Eddy,2730,50
Blackman Eddy,2750,40
Blackman Eddy,2800,40
Blackman Eddy,2990,60
Buenavista del Cayo,1180,50
Buenavista del Cayo,1220,30
Buenavista del Cayo,1240,30
Buenavista del Cayo,1250,30
Buenavista del Cayo,1270,30
Buenavista del Cayo,1280,30
Buenavista del Cayo,1300,60
Buenavista del Cayo,1310,30
Buenavista del Cayo,1320,30
Buenavista del Cayo,1332.1985866159996,20.042625706628577
Buenavista del Cayo,1400,50
Buenavista del Cayo,1500,50
Buenavista del Cayo,1690,50
Buenavista del Cayo,1710.5646920668016,38.391052752610825
Buenavista-Nuevo San Jose,2449,34
Buenavista-Nuevo San Jose,2467,35
Buenavista-Nuevo San Jose,2493,34
Buenavista-Nuevo San Jose,2500,35
Cahal Pech,190,15
Cahal Pech,1175,20
Cahal Pech,1180,15
Cahal Pech,1215,15
Cahal Pech,1225,15
Cahal Pech,1230,15
Cahal Pech,1235,15
Cahal Pech,1235,20
Cahal Pech,1240,15
Cahal Pech,1245,20
Cahal Pech,1255,15
Cahal Pech,1270,20
Cahal Pech,1280,25
Cahal Pech,1285,20
Cahal Pech,1300,15
Cahal Pech,1310,15
Cahal Pech,1315,15
Cahal Pech,1320,15
Cahal Pech,1325,15
Cahal Pech,1335,20
Cahal Pech,1336,46
Cahal Pech,1345,20
Cahal Pech,1365,15
Cahal Pech,1415,25
Cahal Pech,1415,15
Cahal Pech,1415,20
Cahal Pech,1415,15
Cahal Pech,1425,15
Cahal Pech,1432,46
Cahal Pech,1432,31
Cahal Pech,1440,20
Cahal Pech,1465,20
Cahal Pech,1470,15
Cahal Pech,1490,20
Cahal Pech,1505,20
Cahal Pech,1515,20
Cahal Pech,1515,15
Cahal Pech,1516,39
Cahal Pech,1516,59
Cahal Pech,1520,15
Cahal Pech,1525,20
Cahal Pech,1545,15
Cahal Pech,1545,15
Cahal Pech,1550,15
Cahal Pech,1555,15
Cahal Pech,1565,15
Cahal Pech,1580,15
Cahal Pech,1590,15
Cahal Pech,1595,15
Cahal Pech,1610,20
Cahal Pech,1748,47
Cahal Pech,1748,59
Cahal Pech,1765,15
Cahal Pech,1770,15
Cahal Pech,1772.4869364238152,10.609714738860772
Cahal Pech,1790,20
Cahal Pech,1860,20
Cahal Pech,1877.4958710769554,10.592257528804236
Cahal Pech,1880,15
Cahal Pech,1920,15
Cahal Pech,1935,25
Cahal Pech,1950,200
Cahal Pech,2020,140
Cahal Pech,2020,15
Cahal Pech,2035,15
Cahal Pech,2069.983170282121,10.574609862837189
Cahal Pech,2085,20
Cahal Pech,2085,20
Cahal Pech,2095,20
Cahal Pech,2150,20
Cahal Pech,2175,15
Cahal Pech,2220,100
Cahal Pech,2220,15
Cahal Pech,2225,15
Cahal Pech,2230,50
Cahal Pech,2370,60
Cahal Pech,2415,25
Cahal Pech,2435,20
Cahal Pech,2470,90
Cahal Pech,2500,20
Cahal Pech,2505,15
Cahal Pech,2525,15
Cahal Pech,2530,20
Cahal Pech,2585,15
Cahal Pech,2705,15
Cahal Pech,2718.417900463155,90.9233541264658
Cahal Pech,2720,60
Cahal Pech,2735,20
Cahal Pech,2740,70
Cahal Pech,2760,20
Cahal Pech,2800,50
Cahal Pech,2800,20
Cahal Pech,2820,15
Cahal Pech,2830,15
Cahal Pech,2835,20
Cahal Pech,2845,20
Cahal Pech,2930,50
Calakmul,1233,52
Calakmul,1441,60
Caledonia,1520,120
Caledonia,1680,70
Caobal,1292,45
Caobal,1761,44
Caobal,1825,47
Caobal,1925,47
Caobal,2394,49
Caobal,2451,44
Caobal,2487,53
Caobal,2542,41
Caobal,3675,40
Caracol,830,120
Caracol,1160,110
Caracol,1160,70
Caracol,1220,70
Caracol,1240,100
Caracol,1310,50
Caracol,1320,110
Caracol,1340,60
Caracol,1560,150
Caracol,1720,110
Caracol,1870,90
Caracol,1900,50
Caracol,1920,140
Caracol,1930,110
Caracol,1980,80
Caracol,2005.0071119013405,42.57558852465574
Caracol,2070,60
Caye Coco,723.302248315769,31.26899817310051
Caye Coco,1070,50
Caye Coco,1160,50
Ceibal,940,40
Ceibal,1000,70
Ceibal,1152.2600999817344,22.817255173973404
Ceibal,1195,20
Ceibal,1204,35
Ceibal,1212,37
Ceibal,1213,22
Ceibal,1214,20
Ceibal,1216,19
Ceibal,1219,18
Ceibal,1232,21
Ceibal,1235,19
Ceibal,1269,19
Ceibal,1285.8081764437454,9.996054330204194
Ceibal,1289,44
Ceibal,1294,19
Ceibal,1295,19
Ceibal,1311,19
Ceibal,1420,100
Ceibal,1454,19
Ceibal,1456,19
Ceibal,1489,27
Ceibal,1490,320
Ceibal,1549,45
Ceibal,1578.7317666351207,11.836378003488756
Ceibal,1594,59
Ceibal,1601,20
Ceibal,1631,24
Ceibal,1683,59
Ceibal,1800,19
Ceibal,1846,19
Ceibal,1856,19
Ceibal,1911.623292967685,13.746746833119424
Ceibal,1919,40
Ceibal,1937,37
Ceibal,1940,44
Ceibal,1950,20
Ceibal,1952,37
Ceibal,1965,21
Ceibal,1980,20
Ceibal,1992,19
Ceibal,2004,18
Ceibal,2012.1372035283807,37.24016329264652
Ceibal,2016.6291561753108,12.294277352781727
Ceibal,2086,20
Ceibal,2098,19
Ceibal,2121,20
Ceibal,2136,38
Ceibal,2145,30
Ceibal,2159,19
Ceibal,2190,22
Ceibal,2213,19
Ceibal,2220.2663739003638,12.497103641053856
Ceibal,2252,25
Ceibal,2273.481540493827,13.414689397204388
Ceibal,2282,22
Ceibal,2300,45
Ceibal,2317,37
Ceibal,2350,35
Ceibal,2394,87
Ceibal,2405,50
Ceibal,2435,20
Ceibal,2440,55
Ceibal,2443,25
Ceibal,2458,23
Ceibal,2460,43
Ceibal,2465.0597995854705,28.31223366767574
Ceibal,2480,35
Ceibal,2482,20
Ceibal,2490,35
Ceibal,2492,25
Ceibal,2493,33
Ceibal,2496,25
Ceibal,2500,20
Ceibal,2507,19
Ceibal,2510,20
Ceibal,2510,20
Ceibal,2519,22
Ceibal,2525,40
Ceibal,2535,20
Ceibal,2535,20
Ceibal,2540,22
Ceibal,2548,22
Ceibal,2575,35
Ceibal,2585,40
Ceibal,2590,20
Ceibal,2605,35
Ceibal,2610,75
Ceibal,2625,35
Ceibal,2626,30
Ceibal,2650,35
Ceibal,2655,35
Ceibal,2670,35
Ceibal,2670,45
Ceibal,2675,35
Ceibal,2684,21
Ceibal,2700,40
Ceibal,2710,50
Ceibal,2716.0892248713353,14.809642091195496
Ceibal,2727,20
Ceibal,2730,40
Ceibal,2740,40
Ceibal,2745,40
Ceibal,2750,38
Ceibal,2760,20
Ceibal,2764.9689701597063,14.139522150161646
Ceibal,2765,40
Ceibal,2780,35
Ceibal,2785,40
Ceibal,2794.3609272888502,14.903749203582608
Ceibal,2795,20
Ceibal,2805,22
Ceibal,2810,40
Ceibal,2815,20
Ceibal,2815,20
Ceibal,2821,24
Ceibal,2825,20
Ceibal,2840,20
Ceibal,2855,45
Ceibal,2860,40
Ceibal,2895,20
Ceibal,2905,20
Ceibal,2908,22
Ceibal,2915,25
Cenote,1920,40
Ceren,1350,90
Ceren,1361.3580735014905,41.55876923676857
Ceren,1421.3553975623254,49.530968544048264
Ceren,1520,70
Cerros,1890,40
Cerros,1920,40
Cerros,1950,40
Cerros,1960,40
Cerros,1960,60
Cerros,2000,40
Cerros,2010,40
Cerros,2060,60
Cerros,2140,140
Cerros,2210,80
Cerros,2250,60
Cerros,2300,150
Chaa Creek,1285,75
Chaa Creek,1365,70
Chabil Eke Ukal,585,45
Chabil Ukal,880,40
Chac II,820,40
Chac II,880,140
Chac II,1100,60
Chac II,1120,60
Chac II,1160,40
Chac II,1190,100
Chac II,1190,40
Chac II,1220,40
Chac II,1230,50
Chac II,1250,50
Chac II,1250,60
Chac II,1260,40
Chac II,1290,40
Chac II,1300,50
Chac II,1310,40
Chac II,1330,50
Chac II,1330,50
Chac II,1330,50
Chac II,1430,40
Chac II,1430,60
Chac II,1460,70
Chac II,1580,60
Chac II,1610,60
Chan,1150,40
Chan,1170,40
Chan,1170,40
Chan,1217,45
Chan,1230,40
Chan,1260,40
Chan,1277,45
Chan,1294,45
Chan,1315,47
Chan,1334,47
Chan,1350,40
Chan,1391,38
Chan,1420,40
Chan,1510,40
Chan,1536,48
Chan,1550,40
Chan,1610,40
Chan,1770,40
Chan,1980,40
Chan,2040,40
Chan,2050,40
Chan,2180,40
Chan,2200,40
Chan,2210,40
Chan,2250,40
Chan,2270,40
Chan,2290,40
Chan,2440,40
Chan,2460,40
Chan,2480,40
Chan,2540,40
Chan Cahal,1217,68
Chan Cahal,1294,44
Chan Cahal,1315,45
Chan Cahal,1334,46
Chan Cahal,1391,21
Chan Cahal,1536,59
Chan Chen,1580,60
Chan Chen,1770,50
Chan Chen,1865,55
Chechem Ha Cave,1202.8737761980058,24.951079394927852
Chechem Ha Cave,1210,31
Chechem Ha Cave,1239,36
Chechem Ha Cave,1270,50
Chechem Ha Cave,1587,34
Chechem Ha Cave,1657.7487478312153,22.999359554432182
Chechem Ha Cave,1660,40
Chechem Ha Cave,1673,34
Chechem Ha Cave,1744,40
Chechem Ha Cave,1746.7031010930814,32.161012250243736
Chechem Ha Cave,1871.636867459083,16.37510448238581
Chechem Ha Cave,2116.3028042035644,22.934940561003735
Chechem Ha Cave,2120,34
Chechem Ha Cave,2275,34
Chechem Ha Cave,2295,34
Chechem Ha Cave,2307.2955427556267,25.03633481295358
Chechem Ha Cave,2309,37
Chechem Ha Cave,2465,33
Chechem Ha Cave,2826,34
Chechem Ha Cave,2847,34
Chechem Ha Cave,2865,33
Chechem Ha Cave,2931,62
Chechem Ha Cave,3755,35
Chiapas/N Yucatan,720,130
Chicanna,1272.3856496085523,67.30351671925288
Chicanna,1380,95
Chichen Itza,1135,60
Chichen Itza,1137.2770094366917,20.52340395135626
Chichen Itza,1140,200
Chichen Itza,1159.2188019010136,57.40613013694695
Chichen Itza,1170,70
Chichen Itza,1340,70
Chichen Itza,1350,70
Chinkultic,990,70
Chunchucmil,1550,40
Colhá,2310,10
Colhá,2340,80
Colhá,2347,58
Colhá,2480,110
Colhá,2490,60
Colhá,2510,80
Colhá,2520,80
Colhá,2530,70
Colhá,2530,50
Colhá,2600,70
Colhá,2620,38
Colhá,2660,50
Colhá,2680,50
Colhá,2780,60
Colhá,2930,60
Colhá,2936,169
Colhá,2940,80
Colhá,2950,100
Colhá,3118,140
Colhá,3970,400
Colhá,4532,117
Copan,923.3492610722556,23.086123001785214
Copan,980,40
Copan,1030,40
Copan,1030.731962230144,38.36934294267333
Copan,1100,80
Copan,1100,40
Copan,1200,70
Copan,1700,110
Copan,2100,60
Copan,2220,40
Copan,2240,90
Copan,2250,70
Cuello,880,110
Cuello,900,120
Cuello,1110,230
Cuello,1170,80
Cuello,1650,70
Cuello,2040,40
Cuello,2050,60
Cuello,2140,150
Cuello,2155,60
Cuello,2180,70
Cuello,2195,60
Cuello,2195,50
Cuello,2230,55
Cuello,2235,50
Cuello,2250,50
Cuello,2250,45
Cuello,2250,60
Cuello,2255,55
Cuello,2260,45
Cuello,2265,36
Cuello,2275,50
Cuello,2280,55
Cuello,2290,60
Cuello,2300,70
Cuello,2305,45
Cuello,2325,60
Cuello,2331.4088032099717,33.37631303497257
Cuello,2375,150
Cuello,2380,60
Cuello,2390,90
Cuello,2390,70
Cuello,2400,69
Cuello,2400,60
Cuello,2420,70
Cuello,2420,45
Cuello,2420,60
Cuello,2440,70
Cuello,2455,45
Cuello,2470,80
Cuello,2470,50
Cuello,2470,70
Cuello,2480,60
Cuello,2490,70
Cuello,2501.178721023201,42.062160937175506
Cuello,2510,60
Cuello,2520,70
Cuello,2540,45
Cuello,2560,40
Cuello,2560,70
Cuello,2595,60
Cuello,2650,130
Cuello,2690,70
Cuello,2700,90
Cuello,2720,50
Cuello,2750,110
Cuello,2815,180
Cuello,2895,200
Cuello,2957.7948238204135,51.29889857978419
Cuello,3289.9992325000835,49.45030662472925
Dos Aguadas,2069.4277800079917,19.151193735137785
Dzibilchaltún,1450,200
Dzibilchaltún,1500,200
Dzibilchaltún,1520,200
Dzibilchaltún,2130,200
Dzibilchaltún,2200,90
Dzibilchaltún,2270,80
Dzibilchaltún,2925,340
Ek Balam,2000,40
Ek Balam,2310,40
Ek Balam,2450,40
Ek Balam,2460,40
Ek Xux,633.3446664761522,29.60629735326831
Ek Xux,995,44
Ek Xux,1119.3116119510273,26.11809673767724
Ek Xux,1233,40
Ek Xux,1246,40
Ek Xux,1267,52
Ek Xux,1363,36
Ek Xux,1402,43
Ek Xux,1445,41
El Gigante,1930,60
El Gigante,1970,70
El Gigante,2010,40
El Gigante,2280,40
El Gigante,3040,220
El Gigante,3100,40
El Gigante,3780,60
El Gigante,6180,90
El Gigante,6630,60
El Gigante,7140,200
El Gigante,9210,60
El Gigante,9240,40
El Gigante,9290,40
El Gigante,9590,60
El Gigante,9600,60
El Gigante,9710.20722582489,49.41456065378027
El Naranjal,1729.9812232239005,35.40367082659388
El Perú-Waka',1250,40
El Perú-Waka',1640,40
El Perú-Waka',1710,40
El Perú-Waka',1780,40
El Perú-Waka',1800,40
El Tigre,1670,49
Hats Kaab,1949,39
Hats Kaab,1989,52
Hats Kaab,2206,41
Holmul,2285.003062916101,28.377070682636905
Holtun,2504,31
Huntichmul,1280,50
Isla Cancún,2080,150
Isla Cancún,2200,300
Isla Cancún,2580,130
Isla Cerritos,940,60
Isla Cerritos,970,60
Isla Cerritos,1100,80
Isla Cerritos,1290,70
Isla Cerritos,2040,80
K'axob,2010,48
K'axob,2056,52
K'axob,2058,47
K'axob,2073,58
K'axob,2121,51
K'axob,2169,55
K'axob,2247,53
K'axob,2299,48
K'axob,2390,60
K'axob,2408,49
K'axob,2451,48
K'axob,2456,47
K'axob,2460,60
K'axob,2470,60
K'axob,2470,60
K'axob,2609,49
Ka'Kabish,2393,52
Ka'Kabish,2447,37
Ka'Kabish,2459.769987546173,19.03007870882358
Ka'Kabish,2554,66
Kabah,1060,35
Kabil Sakunak,1504,41
Kaq’ru’ Ha’,1309,35
Kaq’ru’ Ha’,1310,30
Kaq’ru’ Ha’,1685,41
Kaq’ru’ Ha’,2780,210
Kayuko Naj Tunich,1340,30
Kayuko Naj Tunich,1381,55
Kayuko Naj Tunich,1458,55
Kayuko Naj Tunich,1505,15
Kayuko Naj Tunich,1510,15
Kayuko Naj Tunich,1585,15
Kayuko Naj Tunich,1710,15
Kayuko Naj Tunich,1750,15
Kayuko Naj Tunich,1750,25
Kinal,1320,73
La Canteada,1050,220
La Canteada,1700,125
Ladyville,3609.892734785287,59.11480742428155
Laguna de On,360,40
Laguna de On,620,40
Laguna de On,700,50
Laguna de On,820,50
Laguna de On,830,60
Laguna de On,840,50
Laguna de On,877.6524807952746,31.286964267783592
Laguna de On,900,50
Laguna de On,950,50
Lamanai,810,130
Lamanai,858.0112775047971,23.934921176350315
Lamanai,910,125
Lamanai,943.2287488862712,24.559511278946378
Lamanai,1045,120
Lamanai,1050,24
Lamanai,1175,125
Lamanai,1206,26
Lamanai,1235,125
Lamanai,1240,130
Lamanai,1240,26
Lamanai,1260,26
Lamanai,1275,26
Lamanai,1280,24
Lamanai,1282,26
Lamanai,1284,25
Lamanai,1297,25
Lamanai,1304,25
Lamanai,1305.5993262433067,18.732280023718477
Lamanai,1312,25
Lamanai,1367,26
Lamanai,1385,185
Lamanai,1405.612256009763,17.707186933394716
Lamanai,1423,25
Lamanai,1495,130
Lamanai,1510,130
Lamanai,1595,130
Lamanai,1710,125
Lamanai,1770,135
Las Cuevas,920,150
Las Quebradas,1640,50
Las Ruinas de Arenal,1100,50
Las Ruinas de Arenal,1700,60
Los Naranjos,1260,90
Los Naranjos,1530,100
Los Naranjos,1674.5206503866482,70.91393378860688
Los Naranjos,1700,100
Lower Barton Creek,2150.0373450156685,14.203992822513412
Lower Barton Creek,2220,20
Lower Barton Creek,2465,20
Macanche,1105,90
Mayahak Kab Pek,1785,15
Mayahak Kab Pek,1845,20
Mayapan,400,55
Mayapan,425,45
Mayapan,430,110
Mayapan,520,60
Mayapan,527.3582541709195,31.620100262984515
Mayapan,565,40
Mayapan,570,46
Mayapan,585,40
Mayapan,595,40
Mayapan,615,45
Mayapan,640,55
Mayapan,650,100
Mayapan,650,40
Mayapan,655,35
Mayapan,655,40
Mayapan,655,30
Mayapan,660,35
Mayapan,660,40
Mayapan,665,45
Mayapan,679,50
Mayapan,695.0518386359271,31.193104766332958
Mayapan,700,115
Mayapan,700,95
Mayapan,715,30
Mayapan,733,47
Mayapan,750,45
Mayapan,760,35
Mayapan,820,55
Mayapan,845,40
Mayapan,905,45
Mayapan,930,30
Mayapan,955,40
Mayapan,960,40
Mayapan,1335,48
Mexico/Guatemala,1425,120
Minanha,870,40
Minanha,1000,40
Minanha,1010,40
Minanha,1030,40
Minanha,1050,40
Minanha,1080,40
Minanha,1090,40
Minanha,1150,40
Minanha,1160,40
Minanha,1170,40
Minanha,1170,40
Minanha,1184.967015740559,28.122966354581614
Minanha,1190,40
Minanha,1250,40
Minanha,1270,40
Minanha,1410,30
Minanha,1410,40
Minanha,1460,40
Minanha,1460,40
Minanha,1490,40
Minanha,1490,40
Minanha,1520,40
Minanha,1530,40
Minanha,1540,40
Minanha,1570,40
Minanha,1590,40
Minanha,1600,30
Minanha,1650,40
Minanha,1770,50
Minanha,1780,40
Minanha,1990,40
Minanha,2010,40
Mohibal Kanchi,1855,25
Naj Tunich,1407.6465592359093,62.171773072942564
Naj Tunich,1480,120
Naj Tunich,1590,160
Nakbe,2320,50
Nakbe,2340,50
Nakbe,2400,80
Nakbe,2460,40
Nakbe,2480,50
Nakbe,2490,60
Nakbe,2555,60
Nakbe,2560,60
Nakbe,2580,50
Nakbe,2600,100
Nakbe,2600,45
Nakbe,2620,95
Nakbe,2650,55
Nakbe,2740,85
Nakbe,2780,65
Nakbe,2790,40
Nakbe,2900,45
Nakbe,2950,80
Nakbe,2980,100
Nakbe,3085,50
Nakbe,3110,45
Nakbe,3185,55
Nixtun-Ch’ich’,2889.886250028675,28.24412975122063
Nohmul,1300,40
Pacbitun,1090,40
Pacbitun,1330,40
Pacbitun,1390,50
Pacbitun,1430,40
Pacbitun,1480,40
Pacbitun,1520,70
Pacbitun,1530,40
Pacbitun,1610,40
Pacbitun,1650,70
Pacbitun,1790,80
Pacbitun,1790,40
Pacbitun,1860,130
Pacbitun,1980,80
Pacbitun,2020,60
Pacbitun,2400,60
Pacbitun,2450,50
Pacbitun,2470,100
Pacbitun,2470,100
Pacbitun,2570,100
Pacbitun,2570,100
Pacbitun,2720,170
Pacbitun,2750,100
Palenque,1390,100
Palenque,1400,100
Palenque,1440,100
Palenque,1450,100
Palenque,1540,105
Palenque,1550,105
Palenque,1565,105
Palenque,1575,105
Palenque,1696,30
Palenque,4175,223
Patchchacan,760,110
Pohtzil Kab Pek,1682,42
Port Honduras,1180,50
Port Honduras,1200,80
Port Honduras,1300.0009056286585,22.90970050867765
Port Honduras,1344,35
Port Honduras,2149,40
Puerto Escondido,1530,40
Puerto Escondido,2730,40
Puerto Escondido,2830,40
Puerto Escondido,2850,40
Puerto Escondido,2870,40
Puerto Escondido,2900,50
Puerto Escondido,2900,40
Puerto Escondido,3030,50
Puerto Escondido,3050,40
Puerto Escondido,3250,100
Puerto Escondido,3320,40
Punta de Chimino,1273,50
Punta de Chimino,1568,45
Punta de Chimino,1582,37
Punta de Chimino,1613,45
Punta de Chimino,1634,53
Punta de Chimino,1756,41
Punta de Chimino,1871,43
Punta de Chimino,2211,51
Punta de Chimino,2468,38
Quirigua,420,40
Quirigua,1100,170
Quirigua,1130,180
Quirigua,1140,50
Quirigua,1150,50
Quirigua,1290,40
Quirigua,1310,40
Quirigua,1400,50
Quirigua,1440,40
Quirigua,1450,50
Quirigua,1490,50
Quirigua,1580,190
Quirigua,1730,50
Quirigua,1800,50
Quirigua,1830,170
Quirigua,1970,50
Quirigua,1970,50
Rio Frio Cave,1120,150
Saki Tzul,1510,60
San Bartolo,2050,40
San Bartolo,2050,50
San Bartolo,2070,40
San Bartolo,2100,40
San Bartolo,2140,40
San Bartolo,2150,40
San Bartolo,2180,40
San Bartolo,2200,60
San Bartolo,2260,40
San Bartolo,2260,40
San Estevan,1900,15
San Estevan,2565,25
San Felipe,1310,100
San Felipe,1430,100
San Felipe,1970,100
San Gervasio,100,200
San Gervasio,480,200
San Jose,1010,50
San Lorenzo,1170,60
San Lorenzo,1175,70
San Lorenzo,1195,40
San Lorenzo,1215,75
San Lorenzo,1225,45
San Lorenzo,1240,45
San Lorenzo,1245,70
San Lorenzo,1270,45
Santa Rita Corozal,330,70
Santa Rita Corozal,490,100
Santa Rita Corozal,530,60
Santa Rita Corozal,610,60
Santa Rita Corozal,659.7640336077199,39.103740455831314
Santa Rita Corozal,660,80
Santa Rita Corozal,710,70
Santa Rita Corozal,720.1341266993999,35.30947345622595
Santa Rita Corozal,730,70
Santa Rita Corozal,780,70
Santa Rita Corozal,930,110
Santa Rita Corozal,1580,100
Santa Rita Corozal,1600,70
Santa Rita Corozal,2990,120
Santa Rita Corozal,3530,120
Sayil,1100,70
Sayil,1230,60
Sta Rosa,1845,50
Sta Rosa,1990,65
T'isil,12,44
T'isil,338,40
T'isil,372,41
T'isil,372,49
T'isil,382,27
T'isil,384,43
T'isil,387,42
T'isil,624,41
T'isil,642,41
T'isil,662,41
T'isil,677,42
T'isil,680,41
T'isil,971,41
T'isil,1042,43
T'isil,1732,44
T'isil,1920,45
T'isil,1931,45
T'isil,1973,31
Tiger Bay Cave,780,60
Tikal,609,39
Tikal,617,38
Tikal,692,40
Tikal,733,45
Tikal,770,40
Tikal,1150,47
Tikal,1163,28
Tikal,1180,55
Tikal,1193,29
Tikal,1201,37
Tikal,1207,36
Tikal,1216,37
Tikal,1222,45
Tikal,1232,45
Tikal,1237,37
Tikal,1250,50
Tikal,1262,37
Tikal,1265,106
Tikal,1269,37
Tikal,1270.7907129817002,30.04812315179816
Tikal,1274,50
Tikal,1274,39
Tikal,1285,52
Tikal,1292.0595409553227,36.14276653249207
Tikal,1295,62
Tikal,1302.4720224488717,15.706031539786006
Tikal,1303,52
Tikal,1304,60
Tikal,1308,49
Tikal,1310,44
Tikal,1318,60
Tikal,1335,40
Tikal,1340,57
Tikal,1350,52
Tikal,1355.5386674180781,29.52117769497427
Tikal,1366,60
Tikal,1370,50
Tikal,1400,60
Tikal,1434.1816393384322,30.920031179270122
Tikal,1460.61037816551,9.949261378311425
Tikal,1482.6106650983327,35.57631317618778
Tikal,1530,52
Tikal,1550,58
Tikal,1625,60
Tikal,1651.2093112059558,17.935255720925074
Tikal,1720,61
Tikal,1720,61
Tikal,1777,45
Tikal,1874,54
Tikal,1926,48
Tikal,1930,51
Tikal,1934,63
Tikal,1951,46
Tikal,1970,44
Tikal,2000,63
Tikal,2017,52
Tikal,2040,57
Tikal,2040,57
Tikal,2040,53
Tikal,2064,52
Tikal,2068,52
Tikal,2075,49
Tikal,2090,55
Tikal,2100,45
Tikal,2157,52
Tikal,2169,52
Tikal,2225,55
Tikal,2406,47
Tikal,2538,53
Topoxte,384,41
Topoxte,406.6413413825033,26.897790351194516
Toqbil Roqikal,1510,60
Tulum,880,60
Uaxactun,1330,70
Uaxactun,1780,60
Uxbenka,1127,35
Uxbenka,1205,20
Uxbenka,1210,20
Uxbenka,1215,15
Uxbenka,1215,15
Uxbenka,1220,15
Uxbenka,1225,15
Uxbenka,1235,20
Uxbenka,1245,15
Uxbenka,1252.5039851003812,10.579910976015958
Uxbenka,1275,15
Uxbenka,1290,15
Uxbenka,1306,38
Uxbenka,1315,15
Uxbenka,1320,20
Uxbenka,1365,15
Uxbenka,1375.708845746287,19.23367272492827
Uxbenka,1380,15
Uxbenka,1417.483139091045,10.606515047245608
Uxbenka,1440,20
Uxbenka,1442.3653721722055,6.697727266872615
Uxbenka,1485,20
Uxbenka,1519.0624582627286,11.94113490075958
Uxbenka,1525,20
Uxbenka,1540,60
Uxbenka,1565,15
Uxbenka,1580,15
Uxbenka,1585,15
Uxbenka,1585,25
Uxbenka,1613.1362221215638,13.379920402942636
Uxbenka,1627.9032255517384,4.428450302953473
Uxbenka,1635,15
Uxbenka,1635,20
Uxbenka,1649.9356351301542,10.643356801529606
Uxbenka,1650.0267629512957,10.6271571485105
Uxbenka,1663.734659719777,7.515877438393727
Uxbenka,1670.043473078658,14.106047982694802
Uxbenka,1675,25
Uxbenka,1688.3752847862402,18.03696264609462
Uxbenka,1695,20
Uxbenka,1700,15
Uxbenka,1710,15
Uxbenka,1720,15
Uxbenka,1720,25
Uxbenka,1725,15
Uxbenka,1725,15
Uxbenka,1725,15
Uxbenka,1730,15
Uxbenka,1730,20
Uxbenka,1735,15
Uxbenka,1745,15
Uxbenka,1750,20
Uxbenka,1755,25
Uxbenka,1755,15
Uxbenka,1760,15
Uxbenka,1760,20
Uxbenka,1761.6314942794002,8.658368371899389
Uxbenka,1770,15
Uxbenka,1775,20
Uxbenka,1775,15
Uxbenka,1775,20
Uxbenka,1780,15
Uxbenka,1780,20
Uxbenka,1790,25
Uxbenka,1800,20
Uxbenka,1810,15
Uxbenka,1830,15
Uxbenka,1840,15
Uxbenka,1891.6154687256515,9.3655702691279
Uxmal,1065,120
Uxmal,1065,100
Uxmal,1210,60
Uxmal,1210,60
Uxmal,1215.3407963562504,17.064073924938494
Uxmal,1390,50
Uxmal,1403,34
Uxmal,1565,65
Xcoch,385,30
Xcoch,525,30
Xcoch,625,25
Xcoch,645,25
Xcoch,1250,25
Xcoch,1280,30
Xcoch,1420,30
Xcoch,1460,25
Xcoch,1750,45
Xcoch,2040,25
Xcoch,2490,30
Xcoch,2520,30
Xcoch,2520,30
Xcoch,2550,30
Xcoch,2560,25
Xcoch,2570,25
Xcoch,2590,30
Xkipché,418.4120350430147,23.51842579174908
Xkipché,771,47
Xkipché,1036,47
Xkipché,1093.5782252329361,29.749486694755607
Xkipché,1106,46
Xkipché,1182.4129265600343,26.74343104937749
Xkipché,1186,52
Xkipché,1204.5104266834194,38.7473262571652
Xkipché,1224,50
Xkipché,1230.6575985567686,27.611341566537664
Xkipché,1232,32
Xkipché,1268,46
Xkipché,1281.5546799727338,26.335206100655668
Xkipché,1289,42
Xkipché,1387,71
Xkipché,1441.5406647583206,30.560599698389943
Xkipché,1457.9297828497322,31.719901588163555
Xkipché,1723.970086696494,65.50039957268376
Xuenkal,530,40
Xuenkal,1002.4638144976972,24.014210327783776
Xuenkal,1018,53
Xuenkal,1214,41
Xunantunich,1095,75
Xunantunich,1165,45
Xunantunich,1230,45
Xunantunich,1290,45
Xunantunich,1290,45
Xunantunich,1300,55
Xunantunich,1300,50
Xunantunich,1360,50
Xunantunich,1405,55
Xunantunich,1420,55
Xunantunich,1445,90
Xunantunich,2890,49
Xunantunich,4410,40
Yaxuna,2305.038360384789,28.283244602621185
Zacpeten,200,40
Zacpeten,370,30
Zacpeten,426,30
Zacpeten,500,50
Zacpeten,540,30
